{
  "full_dataset": {
    "model_type": "full_dataset",
    "metrics": {
      "r": 0.6312782814626053,
      "r_squared": 0.39851226864638134,
      "adjusted_r_squared": 0.3982627921920663,
      "rmse": 47669.350952686495,
      "mae": 38965.68801272151
    },
    "coefficients": {
      "intercept": 69830.10970530454,
      "coefficient": 100.97981739782128,
      "p_value": 1.8542985862764212e-268,
      "is_significant": true
    },
    "confidence_intervals": {
      "intercept_ci": [
        64432.82500312341,
        75227.39440748566
      ],
      "coefficient_ci": [
        96.02537615969867,
        105.93425863594389
      ]
    },
    "formula": "Sale_Price = 69830.11 + 100.98 * Total_Bsmt_SF"
  },
  "category_OneFam": {
    "model_type": "category_OneFam",
    "category": "OneFam",
    "sample_size": 2002,
    "metrics": {
      "r": 0.6368595480093469,
      "r_squared": 0.4055900838906702,
      "adjusted_r_squared": 0.40529287893261556,
      "rmse": 48133.89999656383,
      "mae": 40091.138647359374
    },
    "coefficients": {
      "intercept": 66773.96577583964,
      "coefficient": 106.26555806528147,
      "p_value": 3.412365979349279e-228,
      "is_significant": true
    },
    "confidence_intervals": {
      "intercept_ci": [
        60610.439099154326,
        72937.49245252494
      ],
      "coefficient_ci": [
        100.6241452167897,
        111.90697091377324
      ]
    },
    "formula": "Sale_Price = 66773.97 + 106.27 * Total_Bsmt_SF"
  },
  "category_TwnhsE": {
    "model_type": "category_TwnhsE",
    "category": "TwnhsE",
    "sample_size": 188,
    "metrics": {
      "r": 0.77012403924944,
      "r_squared": 0.593091035829872,
      "adjusted_r_squared": 0.5909033532268069,
      "rmse": 37371.466183574004,
      "mae": 29325.73977086586
    },
    "coefficients": {
      "intercept": 49833.731205736134,
      "coefficient": 121.89132404999378,
      "p_value": 3.645131952734891e-38,
      "is_significant": true
    },
    "confidence_intervals": {
      "intercept_ci": [
        32965.09528004979,
        66702.36713142248
      ],
      "coefficient_ci": [
        107.28680177098835,
        136.49584632899922
      ]
    },
    "formula": "Sale_Price = 49833.73 + 121.89 * Total_Bsmt_SF"
  },
  "category_Twnhs": {
    "model_type": "category_Twnhs",
    "category": "Twnhs",
    "sample_size": 93,
    "metrics": {
      "r": 0.7685930513690742,
      "r_squared": 0.5907352786128243,
      "adjusted_r_squared": 0.5862378640920861,
      "rmse": 26656.146080704002,
      "mae": 21649.106164408353
    },
    "coefficients": {
      "intercept": 50711.499106744035,
      "coefficient": 114.30823595338394,
      "p_value": 2.3908229082645537e-19,
      "is_significant": true
    },
    "confidence_intervals": {
      "intercept_ci": [
        34683.07719067343,
        66739.92102281464
      ],
      "coefficient_ci": [
        94.49642207430782,
        134.12004983246007
      ]
    },
    "formula": "Sale_Price = 50711.50 + 114.31 * Total_Bsmt_SF"
  },
  "category_Duplex": {
    "model_type": "category_Duplex",
    "category": "Duplex",
    "sample_size": 78,
    "metrics": {
      "r": 0.37031365458856885,
      "r_squared": 0.13713220277474192,
      "adjusted_r_squared": 0.12577867912704122,
      "rmse": 37857.09767075564,
      "mae": 26466.013576176363
    },
    "coefficients": {
      "intercept": 115729.75630783189,
      "coefficient": 24.077616090456353,
      "p_value": 0.0008462577126718377,
      "is_significant": true
    },
    "confidence_intervals": {
      "intercept_ci": [
        98824.3279306847,
        132635.1846849791
      ],
      "coefficient_ci": [
        10.279269653959949,
        37.875962526952755
      ]
    },
    "formula": "Sale_Price = 115729.76 + 24.08 * Total_Bsmt_SF"
  },
  "category_TwoFmCon": {
    "model_type": "category_TwoFmCon",
    "category": "TwoFmCon",
    "sample_size": 52,
    "metrics": {
      "r": 0.5627386618901699,
      "r_squared": 0.31667480158593875,
      "adjusted_r_squared": 0.30300829761765746,
      "rmse": 24666.633108314767,
      "mae": 18803.60293063927
    },
    "coefficients": {
      "intercept": 79149.36066027859,
      "coefficient": 53.4179931701803,
      "p_value": 1.4098031568651574e-05,
      "is_significant": true
    },
    "confidence_intervals": {
      "intercept_ci": [
        58378.10346872475,
        99920.61785183242
      ],
      "coefficient_ci": [
        31.128810259491352,
        75.70717608086926
      ]
    },
    "formula": "Sale_Price = 79149.36 + 53.42 * Total_Bsmt_SF"
  },
  "model_config": {
    "target_column": "Sale_Price",
    "predictor_column": "Total_Bsmt_SF",
    "dataset_rows": 2413,
    "dataset_columns": 18
  },
  "column_detection": {
    "target_auto_detected": false,
    "predictor_auto_detected": false,
    "detected_domain": "unknown"
  }
}