{
  "full_dataset": {
    "model_type": "full_dataset",
    "metrics": {
      "r": 0.13555929240408623,
      "r_squared": 0.01837632175709658,
      "adjusted_r_squared": 0.017969177966867256,
      "rmse": 60897.345874656785,
      "mae": 48780.361162848705
    },
    "coefficients": {
      "intercept": 158743.76182675778,
      "coefficient": 253.78083454815962,
      "p_value": 2.2869814681575215e-11,
      "is_significant": true
    },
    "confidence_intervals": {
      "intercept_ci": [
        153981.94708167674,
        163505.5765718388
      ],
      "coefficient_ci": [
        179.70618541579267,
        327.85548368052656
      ]
    },
    "formula": "Sale_Price = 158743.76 + 253.78 * Lot_Frontage"
  },
  "category_OneFam": {
    "model_type": "category_OneFam",
    "category": "OneFam",
    "sample_size": 2002,
    "metrics": {
      "r": 0.1383890756279174,
      "r_squared": 0.01915153625314958,
      "adjusted_r_squared": 0.018661112021276183,
      "rmse": 61831.386691661755,
      "mae": 49804.02234030598
    },
    "coefficients": {
      "intercept": 160529.41339226495,
      "coefficient": 261.3767915788344,
      "p_value": 5.031629821870498e-10,
      "is_significant": true
    },
    "confidence_intervals": {
      "intercept_ci": [
        155007.1225231193,
        166051.7042614106
      ],
      "coefficient_ci": [
        179.34878271432305,
        343.4048004433457
      ]
    },
    "formula": "Sale_Price = 160529.41 + 261.38 * Lot_Frontage"
  },
  "category_TwnhsE": {
    "model_type": "category_TwnhsE",
    "category": "TwnhsE",
    "sample_size": 188,
    "metrics": {
      "r": 0.21963710592369562,
      "r_squared": 0.048240458298536626,
      "adjusted_r_squared": 0.043123471515195466,
      "rmse": 57155.118266854915,
      "mae": 44732.070149104
    },
    "coefficients": {
      "intercept": 163198.00073030684,
      "coefficient": 620.1652476921834,
      "p_value": 0.0024577468401852246,
      "is_significant": true
    },
    "confidence_intervals": {
      "intercept_ci": [
        147898.54622117383,
        178497.45523943985
      ],
      "coefficient_ci": [
        221.69862819000775,
        1018.631867194359
      ]
    },
    "formula": "Sale_Price = 163198.00 + 620.17 * Lot_Frontage"
  },
  "category_Twnhs": {
    "model_type": "category_Twnhs",
    "category": "Twnhs",
    "sample_size": 93,
    "metrics": {
      "r": 0.30875503945285326,
      "r_squared": 0.09532967438753304,
      "adjusted_r_squared": 0.0853882422379455,
      "rmse": 39631.48787653689,
      "mae": 31709.91478026899
    },
    "coefficients": {
      "intercept": 102154.34485644483,
      "coefficient": 1537.3301904620487,
      "p_value": 0.002602252453052233,
      "is_significant": true
    },
    "confidence_intervals": {
      "intercept_ci": [
        77998.90698147505,
        126309.78273141461
      ],
      "coefficient_ci": [
        551.1885686758029,
        2523.4718122482946
      ]
    },
    "formula": "Sale_Price = 102154.34 + 1537.33 * Lot_Frontage"
  },
  "category_Duplex": {
    "model_type": "category_Duplex",
    "category": "Duplex",
    "sample_size": 78,
    "metrics": {
      "r": -0.24123155968434085,
      "r_squared": 0.058192665387739595,
      "adjusted_r_squared": 0.04580046361652568,
      "rmse": 39550.88621267103,
      "mae": 27437.9804120575
    },
    "coefficients": {
      "intercept": 158231.58262247243,
      "coefficient": -299.42519588935454,
      "p_value": 0.03336760978745279,
      "is_significant": true
    },
    "confidence_intervals": {
      "intercept_ci": [
        140208.28868285962,
        176254.87656208524
      ],
      "coefficient_ci": [
        -574.6239138659973,
        -24.2264779127118
      ]
    },
    "formula": "Sale_Price = 158231.58 + -299.43 * Lot_Frontage"
  },
  "category_TwoFmCon": {
    "model_type": "category_TwoFmCon",
    "category": "TwoFmCon",
    "sample_size": 52,
    "metrics": {
      "r": -0.14764821831245856,
      "r_squared": 0.02179999637084329,
      "adjusted_r_squared": 0.002235996298260101,
      "rmse": 29512.770874069898,
      "mae": 22319.974989343165
    },
    "coefficients": {
      "intercept": 138848.285370561,
      "coefficient": -201.79555804428816,
      "p_value": 0.2962250278982457,
      "is_significant": false
    },
    "confidence_intervals": {
      "intercept_ci": [
        113285.6200008366,
        164410.9507402854
      ],
      "coefficient_ci": [
        -585.7651542441436,
        182.1740381555672
      ]
    },
    "formula": "Sale_Price = 138848.29 + -201.80 * Lot_Frontage"
  },
  "model_config": {
    "target_column": "Sale_Price",
    "predictor_column": "Lot_Frontage",
    "dataset_rows": 2413,
    "dataset_columns": 18
  },
  "column_detection": {
    "target_auto_detected": false,
    "predictor_auto_detected": false,
    "detected_domain": "unknown"
  }
}