{
  "advanced_statistics": {
    "Lot_Frontage": {
      "mean": 55.275590551181104,
      "median": 60.0,
      "std": 32.825116608823535,
      "skewness": -0.36322567467990186,
      "kurtosis": -0.455524841687466,
      "ci_95_low": 53.96522129968762,
      "ci_95_high": 56.58595980267459,
      "shapiro_stat": 0.9173148189416112,
      "shapiro_p_value": 1.9696680701436433e-34,
      "is_normal": "False"
    },
    "Lot_Area": {
      "mean": 9457.194363862413,
      "median": 9360.0,
      "std": 3583.8202466733364,
      "skewness": 0.15905130926494995,
      "kurtosis": 0.04972391999045245,
      "ci_95_low": 9314.129286285257,
      "ci_95_high": 9600.259441439568,
      "shapiro_stat": 0.979619969551206,
      "shapiro_p_value": 4.1997846840140824e-18,
      "is_normal": "False"
    },
    "Year_Built": {
      "mean": 1969.4600082884376,
      "median": 1971.0,
      "std": 29.417287781132053,
      "skewness": -0.5717381282947314,
      "kurtosis": -0.4987927981690983,
      "ci_95_low": 1968.2856785874924,
      "ci_95_high": 1970.6343379893829,
      "shapiro_stat": 0.9353656000700074,
      "shapiro_p_value": 3.6943245547079487e-31,
      "is_normal": "False"
    },
    "Total_Bsmt_SF": {
      "mean": 1019.4268545379196,
      "median": 970.0,
      "std": 384.16878370027075,
      "skewness": 0.1933550070824258,
      "kurtosis": 0.1469822788938009,
      "ci_95_low": 1004.0909467468359,
      "ci_95_high": 1034.7627623290032,
      "shapiro_stat": 0.979772507700261,
      "shapiro_p_value": 4.964867368156748e-18,
      "is_normal": "False"
    },
    "First_Flr_SF": {
      "mean": 1129.0381268130957,
      "median": 1060.0,
      "std": 349.1684521810064,
      "skewness": 0.6468394910209977,
      "kurtosis": -0.06730648117010363,
      "ci_95_low": 1115.0994222295885,
      "ci_95_high": 1142.9768313966028,
      "shapiro_stat": 0.9624898872138196,
      "shapiro_p_value": 1.5520960493243846e-24,
      "is_normal": "False"
    },
    "Second_Flr_SF": {
      "mean": 339.1143804392872,
      "median": 0.0,
      "std": 422.75511615874126,
      "skewness": 0.796685514030441,
      "kurtosis": -0.5983410742413913,
      "ci_95_low": 322.23811731042866,
      "ci_95_high": 355.9906435681457,
      "shapiro_stat": 0.770782607468833,
      "shapiro_p_value": 8.2486592880446875e-50,
      "is_normal": "False"
    },
    "Full_Bath": {
      "mean": 1.5383340240364691,
      "median": 2.0,
      "std": 0.5412901878716846,
      "skewness": 0.1771689923503469,
      "kurtosis": -0.9318376588421748,
      "ci_95_low": 1.5167258748020038,
      "ci_95_high": 1.5599421732709344,
      "shapiro_stat": 0.7030664481001498,
      "shapiro_p_value": 3.496305377938922e-54,
      "is_normal": "False"
    },
    "Half_Bath": {
      "mean": 0.3779527559055118,
      "median": 0.0,
      "std": 0.49846659003621013,
      "skewness": 0.6639923945958431,
      "kurtosis": -1.1626671748001847,
      "ci_95_low": 0.3580541124288065,
      "ci_95_high": 0.3978513993822171,
      "shapiro_stat": 0.6332647247648395,
      "shapiro_p_value": 6.855326254687294e-58,
      "is_normal": "False"
    },
    "Bedroom_AbvGr": {
      "mean": 2.838582677165354,
      "median": 3.0,
      "std": 0.7606016735361752,
      "skewness": -0.22090855353320366,
      "kurtosis": 0.1614956388316222,
      "ci_95_low": 2.808219676250123,
      "ci_95_high": 2.8689456780805855,
      "shapiro_stat": 0.853084794642626,
      "shapiro_p_value": 9.711625657146403e-43,
      "is_normal": "False"
    },
    "Kitchen_AbvGr": {
      "mean": 1.0,
      "median": 1.0,
      "std": 0.0,
      "skewness": 0.0,
      "kurtosis": 0.0,
      "ci_95_low": NaN,
      "ci_95_high": NaN,
      "shapiro_stat": 1.0,
      "shapiro_p_value": 1.0,
      "is_normal": "True"
    },
    "Fireplaces": {
      "mean": 0.6002900953170327,
      "median": 1.0,
      "std": 0.6394408954404808,
      "skewness": 0.6234416988482596,
      "kurtosis": -0.45863625688491627,
      "ci_95_low": 0.5747637979540119,
      "ci_95_high": 0.6258163926800535,
      "shapiro_stat": 0.7520827139307364,
      "shapiro_p_value": 4.088428643368391e-51,
      "is_normal": "False"
    },
    "Longitude": {
      "mean": -93.64239087633652,
      "median": -93.640326,
      "std": 0.026158505885609983,
      "skewness": -0.33751271965788754,
      "kurtosis": -0.9725572866101664,
      "ci_95_low": -93.64343511639775,
      "ci_95_high": -93.64134663627529,
      "shapiro_stat": 0.9509813720345764,
      "shapiro_p_value": 1.0921426832919313e-27,
      "is_normal": "False"
    },
    "Latitude": {
      "mean": 42.033730263903855,
      "median": 42.034569,
      "std": 0.01801530068041116,
      "skewness": -0.5077781135671717,
      "kurtosis": -0.08312853543823939,
      "ci_95_low": 42.0330110982616,
      "ci_95_high": 42.03444942954611,
      "shapiro_stat": 0.9600585523414317,
      "shapiro_p_value": 2.9454012338449024e-25,
      "is_normal": "False"
    },
    "Sale_Price": {
      "mean": 172771.64732697885,
      "median": 159000.0,
      "std": 61451.969388391495,
      "skewness": 0.7855289875589287,
      "kurtosis": 0.08273746100297297,
      "ci_95_low": 170318.50231336383,
      "ci_95_high": 175224.79234059388,
      "shapiro_stat": 0.9411538669083792,
      "shapiro_p_value": 5.8782144176068406e-30,
      "is_normal": "False"
    }
  },
  "group_statistics": {},
  "significance_tests": {}
}